ID,gender,NationalITy,PlaceofBirth,StageID,GradeID,SectionID,Topic,Semester,Relation,raisedhands,VisITedResources,AnnouncementsView,Discussion,ParentAnsweringSurvey,ParentschoolSatisfaction,StudentAbsenceDays,Class
1,0,0,0,0,4,0,4,0,0,15,16,2,20,1,1,0,M
2,0,0,0,0,4,0,4,0,0,20,20,3,25,1,1,0,M
3,0,0,0,0,4,0,4,0,0,10,7,0,30,0,0,1,L
4,0,0,0,0,4,0,4,0,0,30,25,5,35,0,0,1,L
5,0,0,0,0,4,0,4,0,0,40,50,12,50,0,0,1,M
6,1,0,0,0,4,0,4,0,0,42,30,13,70,1,0,1,M
7,0,0,0,1,7,0,5,0,0,35,12,0,17,0,0,1,L
8,0,0,0,1,7,0,5,0,0,50,10,15,22,1,1,0,M
9,1,0,0,1,7,0,5,0,0,12,21,16,50,1,1,0,M
10,1,0,0,1,7,1,4,0,0,70,80,25,70,1,1,0,M
11,0,0,0,1,7,0,5,0,0,50,88,30,80,1,1,0,H
12,0,0,0,1,7,1,5,0,0,19,6,19,12,1,1,0,M
13,0,0,0,0,4,0,4,0,0,5,1,0,11,0,0,1,L
14,0,1,1,1,8,0,5,0,0,20,14,12,19,0,0,1,L
15,1,0,0,1,8,0,5,0,1,62,70,44,60,0,0,1,H
16,1,0,0,1,6,0,4,0,0,30,40,22,66,1,1,0,M
17,0,0,0,1,7,1,4,0,0,36,30,20,80,0,0,1,M
18,0,0,0,1,7,0,5,0,0,55,13,35,90,0,0,1,M
19,1,0,0,1,7,0,4,0,1,69,15,36,96,1,1,0,M
20,0,0,0,1,7,1,4,0,1,70,50,40,99,1,1,0,H
21,1,0,0,1,7,0,4,0,0,60,60,33,90,0,0,1,M
22,1,0,0,1,7,1,4,0,0,10,12,4,80,0,0,0,M
23,0,0,0,1,7,0,4,0,0,15,21,2,90,0,0,0,M
24,0,0,0,1,7,0,4,0,0,2,0,2,50,0,0,1,L
25,0,0,0,1,7,1,4,0,0,0,2,3,70,1,1,1,L
26,0,0,0,1,7,0,4,0,0,8,7,30,40,1,1,1,L
27,0,0,0,1,7,1,4,0,0,19,19,25,40,1,0,0,M
28,0,0,0,1,8,0,3,0,0,25,15,12,33,0,0,1,L
29,0,0,0,1,8,0,8,0,0,75,85,52,43,1,1,0,M
30,1,0,0,1,8,0,3,0,0,30,90,33,35,0,0,0,M
31,1,0,0,1,8,0,3,0,0,35,80,50,70,1,1,0,H
32,0,0,0,1,7,0,4,0,0,4,5,40,16,1,1,1,L
33,1,0,0,0,7,0,4,0,0,2,19,10,50,1,1,1,L
34,0,0,0,0,5,0,0,0,0,8,22,9,40,0,0,1,L
35,0,0,0,1,7,1,8,0,0,12,11,8,40,0,0,1,L
36,0,0,0,1,7,0,0,0,0,10,12,17,30,0,0,1,L
37,0,0,0,1,7,1,8,0,1,8,6,4,22,1,1,1,L
38,1,2,2,1,7,0,4,0,0,45,54,26,90,1,1,0,M
39,0,0,0,1,6,0,4,0,0,0,0,0,4,0,0,1,L
40,1,3,3,1,7,1,8,0,0,50,90,37,70,1,1,0,M
41,1,0,0,1,7,0,4,0,0,14,13,3,70,0,0,1,L
42,0,0,0,1,7,0,4,0,0,19,20,16,50,0,1,0,M
43,0,0,0,2,9,0,4,0,0,10,12,7,33,1,1,1,L
44,1,0,0,2,9,0,4,0,0,30,35,28,90,1,1,0,M
45,1,0,0,2,9,0,4,0,0,33,33,30,90,0,0,0,M
46,0,0,0,1,7,0,10,0,0,20,12,15,70,0,1,1,L
47,0,0,0,0,5,0,0,0,0,7,10,1,30,0,0,1,L
48,1,0,0,2,12,0,0,0,1,70,4,39,90,1,1,0,H
49,1,0,0,2,12,0,0,0,1,13,80,40,88,1,1,0,H
50,1,0,0,2,12,0,0,0,0,29,39,50,77,1,1,0,M
51,1,0,0,2,12,0,0,0,0,20,14,12,70,0,0,1,L
52,0,0,0,2,12,0,0,0,0,39,15,16,50,0,1,1,L
53,1,0,0,2,12,0,0,0,0,55,90,16,40,0,0,0,M
54,1,0,0,2,11,0,8,0,1,49,70,19,75,1,1,0,H
55,0,0,0,2,12,0,0,0,1,12,50,8,30,0,0,1,L
56,0,0,0,1,7,0,5,0,0,16,14,6,20,1,1,1,L
57,0,4,4,1,8,1,5,0,0,19,5,4,1,1,1,1,L
58,0,0,0,1,7,0,5,0,0,5,2,6,5,1,1,1,L
59,0,0,0,1,7,0,5,0,0,28,60,19,50,1,1,0,M
60,1,4,4,1,7,0,5,0,0,27,22,22,40,0,1,0,M
61,1,5,5,0,5,0,0,0,1,21,10,28,20,0,1,1,L
62,0,0,0,2,10,0,4,0,0,50,70,32,40,1,1,0,M
63,0,6,6,2,10,0,4,0,1,80,90,70,80,1,1,0,H
64,0,0,0,2,10,0,4,0,0,17,13,16,12,1,0,0,M
65,0,0,0,2,10,0,4,0,0,0,5,7,2,0,0,1,L
66,0,0,0,2,12,0,0,0,0,13,5,18,19,0,0,1,L
67,1,0,0,2,12,0,0,0,0,25,10,19,30,0,0,1,M
68,1,4,4,2,12,0,0,0,1,65,75,23,80,1,1,0,H
69,1,4,4,2,12,0,4,0,1,70,69,35,30,1,1,0,H
70,0,5,5,1,7,0,4,0,0,39,40,11,33,0,0,0,M
71,0,5,5,1,7,0,4,0,0,22,30,10,12,1,1,1,L
72,0,0,0,1,7,0,4,0,0,29,22,9,20,1,1,0,M
73,0,0,0,1,7,0,5,0,0,11,2,2,8,0,0,0,L
74,1,0,0,1,7,0,0,0,0,19,30,26,19,1,0,1,M
75,0,0,0,1,7,1,4,0,0,12,0,6,13,0,0,0,L
76,0,5,5,1,7,0,10,0,1,50,90,29,60,1,1,0,M
77,0,7,7,2,9,0,4,0,1,15,70,37,44,1,1,0,M
78,0,0,0,2,9,0,4,0,0,20,80,33,33,1,1,0,M
79,0,0,0,2,11,0,10,0,0,13,3,11,9,0,0,1,L
80,1,1,1,1,7,1,5,0,1,80,90,49,55,1,0,0,H
81,0,0,0,1,7,0,5,0,0,8,15,10,40,1,0,0,L
82,0,0,0,0,2,0,4,0,0,8,25,1,70,0,0,1,L
83,0,0,0,0,2,1,4,0,0,7,5,2,80,1,1,1,L
84,0,0,0,0,2,1,4,0,0,7,4,10,50,0,1,1,M
85,0,0,0,0,2,1,4,0,0,50,70,50,10,1,1,1,H
86,0,0,0,0,2,1,4,0,0,1,0,1,12,0,0,1,L
87,0,3,3,0,2,1,4,0,0,70,12,40,50,1,1,0,H
88,0,0,0,0,2,1,4,0,0,19,70,3,50,0,0,0,L
89,1,0,0,0,2,1,4,0,0,3,12,4,33,0,0,0,L
90,0,0,0,0,2,1,4,0,0,5,20,1,50,1,1,1,L
91,0,0,0,0,2,1,4,0,0,4,8,10,60,1,1,1,L
92,0,0,0,0,2,1,4,0,0,80,90,55,19,1,1,0,H
93,1,0,0,0,2,1,4,0,0,50,70,19,15,1,1,0,H
94,0,4,4,0,2,1,4,0,0,55,89,40,40,1,1,0,H
95,1,0,0,0,2,1,4,0,0,80,44,35,10,0,1,1,L
96,1,0,0,0,2,1,4,0,0,100,80,2,70,0,0,0,H
97,1,0,0,0,2,2,4,0,0,14,60,11,75,1,1,0,H
98,1,0,0,0,2,1,4,0,0,6,2,38,12,0,0,0,M
99,1,0,0,0,2,2,4,0,0,10,3,0,30,0,0,0,M
100,0,0,0,0,2,1,4,0,0,50,7,9,50,1,0,1,M
101,0,0,0,0,2,1,4,0,0,50,90,40,90,1,0,0,M
102,1,0,0,0,2,1,4,0,1,70,92,50,7,1,1,0,H
103,1,0,0,0,2,1,4,0,0,2,6,2,8,0,0,1,L
104,0,0,0,0,2,1,4,0,0,1,7,6,10,0,0,1,L
105,0,0,0,0,2,1,4,0,0,0,12,3,3,1,1,1,M
106,1,0,0,0,2,1,4,0,0,0,0,5,80,1,1,1,L
107,1,0,0,0,2,1,4,0,0,12,26,7,40,1,1,0,M
108,0,0,0,0,2,1,4,0,0,70,90,41,33,1,0,0,H
109,0,3,3,0,2,1,4,0,0,7,12,5,3,0,0,1,M
110,0,0,0,0,2,1,4,0,0,90,70,30,14,0,0,0,M
111,1,5,5,0,2,1,4,0,1,70,88,55,40,1,1,0,H
112,0,0,0,0,2,2,4,0,0,77,80,51,80,0,1,0,M
113,0,0,0,0,2,1,4,0,0,2,5,3,50,0,0,1,L
114,0,0,0,0,2,1,4,0,0,25,27,0,69,0,0,1,L
115,0,0,0,0,2,1,4,0,0,11,2,0,50,0,0,1,L
116,0,0,0,0,2,1,4,0,0,0,8,11,70,1,1,1,L
117,1,0,0,0,2,2,4,0,1,77,80,12,19,1,1,1,M
118,1,0,0,0,2,2,4,0,1,25,29,40,17,0,1,0,H
119,1,0,0,0,2,2,4,0,1,24,35,23,22,1,1,1,M
120,0,0,0,0,2,2,4,0,0,60,60,3,60,0,0,0,M
121,0,0,0,0,2,2,4,0,1,21,12,0,50,1,1,0,M
122,0,0,0,0,2,2,4,0,1,0,4,8,30,0,0,1,L
123,1,0,0,0,2,1,4,0,0,66,90,55,12,1,1,1,M
124,1,1,1,0,2,1,4,0,0,70,98,7,5,1,1,0,M
125,0,0,0,0,2,2,4,0,0,0,6,4,15,1,0,0,L
126,0,0,0,0,2,1,4,0,0,12,30,0,17,0,1,1,L
127,1,7,7,0,2,2,4,0,0,2,9,7,55,1,1,0,M
128,0,0,0,0,2,1,4,0,0,55,33,6,9,0,0,1,L
129,0,0,0,0,2,2,4,0,0,12,10,20,16,0,0,0,L
130,0,0,0,0,2,1,4,0,0,70,90,2,2,1,1,0,L
131,1,0,0,0,2,2,4,0,0,7,9,5,30,0,0,1,L
132,0,5,5,0,2,2,4,0,0,80,42,20,50,1,1,0,M
133,0,0,0,0,2,2,4,1,0,0,3,10,3,0,0,1,L
134,0,0,0,0,2,0,4,1,0,12,60,0,70,1,1,1,L
135,0,0,0,1,7,0,10,1,0,80,80,15,70,1,1,0,H
136,1,2,2,1,7,0,10,1,1,70,80,95,70,1,1,0,H
137,1,4,4,2,11,0,10,1,1,70,80,95,70,1,1,0,H
138,1,4,4,2,11,0,10,0,1,60,80,50,40,0,0,0,M
139,1,2,2,1,7,0,10,0,1,100,80,95,90,0,0,0,H
140,0,4,4,1,7,0,10,0,1,100,85,85,70,0,0,0,M
141,0,8,8,1,7,0,10,0,0,10,60,5,20,1,0,1,L
142,0,8,8,1,7,0,10,1,0,19,65,50,10,0,0,1,L
143,0,8,8,1,7,0,10,1,0,10,75,55,11,1,1,0,M
144,0,0,0,1,7,0,10,1,0,80,90,55,19,1,1,0,H
145,0,0,0,1,7,0,10,1,0,10,10,15,19,0,0,1,L
146,0,3,3,1,7,0,10,1,0,70,75,55,11,1,0,0,M
147,1,1,1,1,7,0,10,1,1,100,75,50,70,1,1,0,H
148,1,1,1,1,7,0,10,1,0,10,79,30,30,0,0,0,M
149,1,5,5,1,7,0,10,1,0,60,55,30,40,0,0,0,M
150,1,1,1,1,7,0,10,1,1,100,75,50,70,1,0,0,H
151,0,3,3,2,11,0,10,1,0,80,80,51,59,1,1,0,H
152,0,4,4,2,11,0,8,1,0,23,63,71,89,1,1,0,M
153,1,4,4,2,11,1,8,1,0,100,91,98,40,1,0,0,H
154,0,4,4,2,11,1,1,1,0,10,51,40,40,0,0,1,L
155,0,4,4,2,11,1,0,1,0,70,50,33,41,0,0,1,M
156,0,4,4,2,11,1,5,1,0,70,58,73,91,1,0,0,H
157,1,4,4,2,11,1,2,1,0,70,50,30,49,1,1,0,M
158,0,8,8,2,11,1,8,1,0,70,50,33,40,0,1,0,M
159,0,0,0,1,7,1,8,1,0,22,51,48,10,0,0,1,L
160,1,0,0,1,7,1,8,1,0,62,68,48,80,1,1,0,M
161,1,5,5,1,7,1,8,1,1,82,89,58,50,1,1,0,H
162,0,5,5,1,7,1,8,1,1,72,80,58,66,0,0,0,M
163,1,5,5,0,2,1,2,1,1,70,82,3,73,0,0,0,H
164,1,4,4,0,2,1,2,1,1,60,82,93,43,0,0,1,M
165,0,5,5,0,2,1,2,1,1,55,72,83,14,1,1,1,M
166,1,9,9,0,2,1,2,1,1,72,65,73,66,1,1,0,H
167,0,0,0,0,2,1,2,1,1,51,82,53,43,0,0,0,M
168,0,8,8,0,2,1,2,1,1,80,92,83,43,1,1,0,H
169,0,0,0,0,2,1,2,1,1,60,52,23,33,1,1,0,H
170,0,0,0,0,2,1,2,1,1,30,12,29,23,0,0,0,M
171,0,0,0,0,2,1,2,1,0,40,62,83,33,1,1,0,H
172,0,0,0,0,2,1,2,1,1,60,52,23,33,0,1,0,M
173,0,7,7,0,2,1,2,1,1,20,22,53,13,0,1,1,L
174,0,10,10,0,2,1,2,1,1,20,52,23,33,1,1,1,L
175,1,5,5,0,2,1,2,1,0,50,62,73,43,1,0,1,M
176,0,7,7,0,2,1,2,1,0,10,2,13,53,0,0,1,L
177,0,8,8,0,2,1,2,1,1,60,52,23,33,1,0,0,H
178,1,4,4,0,2,1,2,1,1,15,52,83,11,1,0,0,M
179,1,1,1,0,2,1,2,1,1,80,42,33,13,1,0,0,H
180,0,1,1,0,2,1,2,1,1,40,51,20,33,0,0,0,M
181,1,3,3,0,2,1,2,1,0,60,70,63,93,1,0,0,H
182,0,5,5,0,2,1,2,1,0,50,62,13,33,0,0,1,L
183,0,0,0,1,8,0,3,1,1,85,75,62,53,1,0,0,H
184,1,1,1,1,8,0,3,1,0,25,15,32,53,0,0,0,M
185,0,1,1,1,8,0,3,1,1,10,35,30,13,0,0,1,L
186,0,5,5,1,8,0,3,1,1,87,65,82,33,1,1,0,H
187,0,0,0,1,8,0,3,1,1,85,15,22,53,1,1,0,M
188,1,0,0,1,8,0,3,1,0,80,71,52,51,1,1,0,M
189,0,0,0,1,8,0,3,1,1,75,71,72,53,1,1,0,H
190,1,0,0,1,8,0,3,1,0,85,66,12,23,0,0,0,M
191,0,0,0,1,8,0,3,1,0,23,25,32,53,0,0,0,L
192,0,0,0,1,8,0,3,1,0,15,25,37,13,1,1,1,L
193,0,0,0,1,8,0,3,1,1,95,91,62,53,1,1,0,M
194,0,9,9,1,8,0,3,1,1,81,75,62,53,0,0,0,M
195,0,9,9,1,8,0,3,1,1,53,75,72,23,0,0,0,M
196,0,0,0,1,8,0,3,1,0,15,43,42,33,1,1,0,M
197,0,0,0,1,8,0,3,1,1,92,65,62,53,1,1,0,H
198,0,0,0,1,8,0,3,1,1,83,75,62,53,0,0,0,H
199,0,9,9,1,8,1,3,1,0,27,15,42,53,0,0,1,L
200,0,0,0,1,8,1,3,1,0,45,95,12,13,0,0,0,M
201,0,0,0,1,8,1,3,1,1,15,90,52,83,1,0,0,H
202,1,1,1,1,8,0,3,1,1,45,58,52,43,1,1,0,H
203,0,0,0,1,8,1,3,1,0,25,5,12,33,1,1,0,M
204,1,0,0,1,8,1,3,1,0,22,51,42,40,1,0,0,M
205,0,5,5,1,8,1,3,1,0,29,10,12,24,0,0,1,L
206,1,3,3,1,8,1,3,1,1,72,51,42,24,1,0,1,H
207,0,0,0,1,8,1,3,1,0,67,31,42,14,1,1,0,M
208,0,0,0,1,8,2,1,1,0,17,21,42,14,1,1,0,M
209,0,8,8,1,8,2,1,1,1,27,41,49,14,0,0,0,M
210,0,0,0,1,8,2,1,1,0,70,81,39,84,0,0,0,M
211,0,3,3,1,8,2,1,1,1,27,90,82,14,1,1,0,H
212,0,0,0,1,8,2,1,1,0,17,61,42,14,0,0,0,M
213,0,8,8,1,8,2,1,1,1,87,81,42,19,1,1,0,H
214,0,8,8,1,8,2,1,1,0,7,61,22,14,0,0,1,L
215,0,0,0,1,8,2,1,1,0,17,50,2,4,0,0,1,L
216,0,0,0,1,8,2,1,1,0,5,21,42,14,0,1,1,L
217,0,7,7,1,8,2,1,1,1,27,41,32,61,1,0,1,M
218,1,0,0,1,8,2,1,1,0,87,88,40,10,1,1,0,M
219,0,0,0,1,8,2,1,1,1,96,61,42,94,1,0,0,H
220,0,0,0,1,8,2,1,1,1,57,51,46,34,1,1,0,M
221,0,1,1,1,8,2,1,1,0,77,69,41,13,1,1,0,M
222,0,1,1,1,8,2,1,1,0,80,51,40,24,0,1,0,M
223,0,0,0,1,8,1,1,1,0,62,61,82,40,1,0,0,M
224,0,0,0,1,8,0,1,1,1,72,83,12,90,1,1,0,H
225,0,0,0,1,8,1,1,1,1,87,81,22,70,1,0,0,H
226,0,0,0,1,8,0,1,1,1,72,90,12,30,0,0,0,M
227,0,0,0,1,8,1,1,1,0,2,11,62,30,0,0,0,L
228,0,0,0,1,8,0,1,1,0,5,3,2,10,1,1,0,L
229,0,0,0,2,11,1,5,1,1,73,84,77,81,1,1,1,H
230,0,0,0,1,8,0,1,1,0,5,17,21,10,0,0,1,L
231,0,7,7,1,8,0,1,1,1,51,42,12,29,0,0,1,M
232,0,5,5,1,8,0,1,1,0,9,7,21,20,1,1,1,L
233,0,10,10,1,7,0,10,0,0,19,72,15,50,1,1,1,M
234,1,5,5,1,7,1,8,1,1,32,80,58,46,1,1,1,M
235,0,0,0,1,7,1,8,1,1,32,60,58,66,1,1,1,M
236,0,0,0,1,7,1,8,1,0,12,8,18,26,0,0,1,L
237,0,5,5,1,7,1,8,1,0,52,10,13,6,0,0,1,L
238,0,0,0,1,7,1,8,1,0,72,80,58,66,1,1,1,M
239,1,0,0,1,7,1,8,1,1,72,80,58,66,1,1,1,M
240,0,2,2,1,7,1,8,1,1,92,80,88,76,1,1,0,H
241,0,0,0,1,7,1,8,1,1,72,80,98,96,1,0,0,H
242,0,2,2,1,7,1,8,1,0,72,80,58,86,1,1,0,M
243,0,0,0,1,7,1,8,1,0,22,20,18,6,0,0,1,L
244,0,0,0,1,7,1,8,1,0,12,20,38,46,0,0,1,M
245,0,0,0,1,7,1,4,1,1,70,92,83,85,1,0,0,H
246,1,0,0,1,6,0,4,1,0,50,40,52,66,1,0,0,M
247,1,0,0,1,6,0,8,1,0,80,94,62,77,1,1,0,H
248,1,0,0,1,6,0,5,1,0,87,48,82,96,0,0,1,M
249,1,0,0,1,6,0,10,1,0,70,40,2,16,0,0,1,L
250,0,0,0,0,4,0,4,1,0,65,86,62,40,0,1,1,M
251,0,0,0,0,4,0,5,1,0,15,6,32,40,1,1,0,H
252,0,2,2,0,4,0,0,1,1,19,74,32,17,0,1,1,L
253,1,0,0,0,4,0,8,1,0,69,76,82,94,0,0,0,M
254,0,0,0,0,4,0,3,1,0,39,26,12,44,0,0,1,L
255,0,0,0,0,4,0,0,1,0,59,97,42,70,1,1,0,H
256,0,0,0,0,4,0,9,1,0,10,17,12,40,1,1,0,H
257,1,0,0,0,4,0,9,1,1,80,87,72,60,0,1,0,H
258,1,0,0,0,4,0,9,1,0,70,99,66,65,0,1,0,M
259,1,0,0,0,4,0,9,1,0,80,97,86,95,1,1,0,M
260,0,0,0,0,4,0,0,1,1,69,34,12,17,0,0,1,L
261,0,0,0,0,4,0,9,1,0,10,17,12,14,0,0,1,L
262,0,0,0,0,4,0,9,1,0,61,97,82,64,1,0,1,M
263,1,0,0,0,4,0,9,1,1,21,27,52,34,1,1,1,M
264,0,2,2,0,4,0,5,1,1,49,94,42,7,0,0,1,M
265,1,5,5,1,6,0,0,0,1,70,64,42,32,0,0,0,M
266,1,5,5,1,6,0,0,1,1,79,84,82,37,0,0,0,H
267,0,5,5,1,6,0,0,0,0,19,80,12,17,1,1,1,M
268,0,5,5,1,6,0,0,1,0,11,70,32,29,1,1,1,M
269,0,5,5,1,6,0,0,0,0,10,8,10,10,1,0,1,M
270,0,5,5,1,6,0,0,1,0,18,28,40,20,1,0,1,M
271,1,5,5,1,6,0,0,0,1,90,84,52,30,0,1,0,H
272,1,5,5,1,6,0,0,1,1,92,81,32,36,0,1,0,M
273,0,5,5,1,6,0,0,0,0,42,21,2,16,0,0,0,M
274,0,5,5,1,6,0,0,1,0,22,20,6,26,0,0,0,H
275,1,1,1,1,6,0,0,0,1,95,82,82,70,1,1,0,H
276,1,1,1,1,6,0,0,1,1,90,62,80,60,1,1,0,H
277,0,5,5,1,6,0,0,0,1,72,21,22,26,1,1,0,H
278,0,5,5,1,6,0,0,1,1,92,31,42,27,1,1,0,H
279,0,5,5,1,6,0,0,0,1,82,31,52,25,0,1,0,M
280,0,5,5,1,6,0,0,1,1,72,41,46,27,0,1,0,M
281,0,12,12,1,6,0,0,0,1,74,71,56,37,0,1,0,H
282,0,12,12,1,6,0,0,1,1,74,60,56,37,0,1,0,H
283,1,5,5,1,6,0,0,0,1,95,94,72,80,0,1,0,H
284,1,5,5,1,6,0,0,1,1,97,87,82,86,0,1,0,H
285,0,5,5,1,6,0,0,0,0,40,38,32,36,0,0,1,M
286,0,5,5,1,6,0,0,1,0,41,39,35,39,1,0,1,M
287,1,5,5,1,6,0,0,0,1,51,79,85,89,1,1,0,H
288,1,5,5,1,6,0,0,1,1,81,79,91,85,1,1,0,H
289,0,5,5,1,6,0,0,0,1,71,70,65,69,1,1,0,M
290,0,5,5,1,6,0,0,1,1,75,71,76,80,1,1,0,M
291,1,5,5,0,4,0,8,0,0,49,36,32,44,0,0,1,L
292,1,5,5,0,4,0,8,1,0,42,24,12,24,0,0,1,L
293,1,11,11,0,4,0,8,0,1,90,86,82,74,1,1,0,H
294,1,11,11,0,4,0,8,1,1,62,64,72,84,1,1,0,H
295,0,12,12,0,4,0,8,0,0,90,86,82,74,1,1,1,M
296,0,12,12,0,4,0,8,1,0,62,64,72,84,1,1,1,M
297,1,5,5,0,4,0,8,0,1,98,87,86,84,0,1,0,H
298,1,5,5,0,4,0,8,1,1,72,74,82,89,0,1,0,H
299,0,5,5,0,4,0,8,0,0,18,17,26,34,0,1,1,M
300,0,5,5,0,4,0,8,1,0,32,14,32,29,0,1,1,M
301,0,5,5,0,4,0,8,0,0,10,12,20,13,0,0,1,L
302,0,5,5,0,4,0,8,1,0,22,34,15,9,0,0,1,L
303,1,5,5,0,4,1,8,0,1,11,20,21,23,0,0,0,M
304,1,5,5,0,4,1,8,1,1,12,44,25,39,0,0,0,M
305,1,5,5,0,4,1,8,0,0,15,50,24,43,1,0,0,M
306,1,5,5,0,4,1,8,1,0,32,44,29,89,1,0,0,M
307,0,5,5,0,4,1,8,0,1,65,59,74,83,1,1,0,H
308,0,5,5,0,4,1,8,1,1,72,64,59,89,1,1,0,H
309,0,5,5,0,4,1,8,0,1,95,57,74,89,1,1,1,M
310,0,5,5,0,4,1,8,1,1,82,84,79,79,1,1,1,M
311,0,5,5,0,4,1,8,0,0,25,29,34,33,0,1,1,M
312,0,5,5,0,4,1,8,1,0,42,34,29,39,0,1,1,M
313,1,5,5,0,4,1,8,0,1,55,79,44,43,1,1,0,H
314,1,5,5,0,4,1,8,1,1,62,64,69,49,1,1,0,H
315,1,1,1,0,4,1,8,0,1,78,88,74,83,1,1,0,H
316,1,1,1,0,4,1,8,1,1,72,84,89,89,1,1,0,H
317,0,5,5,0,2,0,2,0,1,60,92,83,23,1,1,0,H
318,0,5,5,0,2,0,2,1,1,50,90,83,13,1,1,0,H
319,1,5,5,0,2,0,2,0,1,60,97,13,3,1,1,0,H
320,1,5,5,0,2,0,2,1,1,50,95,23,10,1,1,0,H
321,1,5,5,0,2,0,2,0,1,60,87,23,11,1,1,1,M
322,1,5,5,0,2,0,2,1,1,50,80,20,15,1,1,1,M
323,0,5,5,0,2,0,2,0,0,10,15,10,21,0,0,1,L
324,0,5,5,0,2,0,2,1,0,30,10,20,5,0,0,1,L
325,0,10,10,0,2,0,2,0,0,24,35,18,31,0,0,0,M
326,0,10,10,0,2,0,2,1,0,27,20,33,35,0,0,0,M
327,0,5,5,0,2,0,2,0,0,10,15,10,21,0,0,1,L
328,0,5,5,0,2,0,2,1,0,30,10,20,5,0,0,1,L
329,1,11,11,0,2,0,2,0,1,80,77,63,83,1,1,0,M
330,1,11,11,0,2,0,2,1,1,75,85,73,80,1,1,0,M
331,0,5,5,0,2,0,2,0,0,40,7,50,41,0,1,1,L
332,0,5,5,0,2,0,2,1,0,35,2,29,33,0,1,1,L
333,1,5,5,0,2,0,2,0,1,10,90,30,21,0,1,0,M
334,1,5,5,0,2,0,2,1,1,25,80,29,23,0,1,0,M
335,0,13,13,0,2,0,2,0,1,10,8,9,3,0,1,1,L
336,0,13,13,0,2,0,2,1,1,15,7,12,7,0,1,1,L
337,1,5,5,0,2,0,2,0,1,70,90,20,21,0,1,0,M
338,1,5,5,0,2,0,2,1,1,75,80,15,20,0,1,0,M
339,1,5,5,0,2,1,2,0,0,78,98,10,11,0,1,0,M
340,1,5,5,0,2,1,2,1,0,79,89,11,14,0,1,0,M
341,1,12,12,0,2,1,2,0,0,16,90,15,11,0,1,0,M
342,1,12,12,0,2,1,2,1,0,17,80,13,10,0,1,0,M
343,0,5,5,0,2,1,2,0,1,40,87,50,41,0,0,0,M
344,0,5,5,0,2,1,2,1,1,35,92,29,33,0,0,0,M
345,1,5,5,0,2,1,2,0,1,14,97,15,14,0,1,0,H
346,1,5,5,0,2,1,2,0,1,13,82,20,30,0,1,0,H
347,1,5,5,0,2,1,2,1,1,24,97,15,14,0,1,0,H
348,1,5,5,0,2,1,2,1,1,23,82,20,30,0,1,0,H
349,0,13,13,0,2,1,2,0,1,20,3,9,3,0,1,1,L
350,0,13,13,0,2,1,2,1,1,15,4,12,7,0,1,1,L
351,0,2,2,0,2,1,2,0,1,5,13,6,6,0,1,1,L
352,0,2,2,0,2,1,2,1,1,7,9,11,10,0,1,1,L
353,1,5,5,0,2,1,2,0,1,10,94,40,11,1,1,0,M
354,1,5,5,0,2,1,2,1,1,25,89,21,13,1,1,0,M
355,0,5,5,0,2,1,2,0,1,30,98,42,21,1,1,0,H
356,0,5,5,0,2,1,2,1,1,35,97,41,23,1,1,0,H
357,0,5,5,0,2,1,2,0,0,32,88,32,25,1,1,0,M
358,0,5,5,0,2,1,2,1,0,25,87,21,27,1,1,0,M
359,1,1,1,0,2,1,2,0,1,72,98,52,15,1,1,0,H
360,1,1,1,0,2,1,2,1,1,75,90,51,17,1,1,0,H
361,0,5,5,0,2,0,3,0,0,20,88,31,28,1,1,1,M
362,0,5,5,0,2,0,3,1,0,10,98,41,38,1,1,1,M
363,0,5,5,0,2,0,3,0,0,90,98,41,38,1,1,0,H
364,0,5,5,0,2,0,3,1,0,80,88,51,39,1,1,0,H
365,0,12,12,0,2,0,3,0,0,80,95,21,28,1,1,0,H
366,0,12,12,0,2,0,3,1,0,78,70,31,29,1,1,0,H
367,0,5,5,0,2,0,3,0,0,10,18,71,38,1,1,1,M
368,0,5,5,0,2,0,3,1,0,10,58,51,48,1,1,1,M
369,1,5,5,0,2,0,3,0,1,98,88,60,31,0,1,0,H
370,1,5,5,0,2,0,3,1,1,75,81,51,34,0,1,0,H
371,0,5,5,0,2,0,3,0,0,10,17,50,21,0,0,0,M
372,0,5,5,0,2,0,3,1,0,35,2,29,23,0,0,0,M
373,1,5,5,0,2,0,3,0,0,10,20,22,97,0,0,1,L
374,1,5,5,0,2,0,3,1,0,5,9,19,98,0,0,1,L
375,0,5,5,0,2,1,3,0,0,10,10,40,51,0,0,1,L
376,0,5,5,0,2,1,3,1,0,35,2,29,23,0,0,1,L
377,0,5,5,0,2,1,3,0,1,20,90,50,61,1,0,1,M
378,0,5,5,0,2,1,3,1,1,32,82,59,63,1,0,1,M
379,0,5,5,0,2,1,3,0,0,10,30,50,91,1,0,1,L
380,0,5,5,0,2,1,3,1,0,12,22,59,83,1,0,1,L
381,1,5,5,0,2,1,3,0,0,11,20,20,98,0,0,1,L
382,1,5,5,0,2,1,3,1,0,10,12,29,93,0,0,1,L
383,0,12,12,0,2,1,3,0,1,69,82,20,28,1,1,0,H
384,0,12,12,0,2,1,3,1,1,70,83,29,33,1,1,0,H
385,1,12,12,0,2,1,3,0,1,89,92,40,28,1,1,0,H
386,1,12,12,0,2,1,3,1,1,79,93,49,23,1,1,0,H
387,0,5,5,0,2,1,3,0,1,15,90,21,97,1,1,0,M
388,0,5,5,0,2,1,3,1,1,20,77,31,88,1,1,0,M
389,0,3,3,0,2,1,3,0,1,4,10,11,7,0,1,1,L
390,0,3,3,0,2,1,3,1,1,5,0,1,8,0,1,1,L
391,1,5,5,1,7,0,7,0,1,88,81,50,10,1,1,1,M
392,1,5,5,1,7,0,7,1,1,90,88,54,12,1,1,1,M
393,1,12,12,1,7,0,7,0,1,86,98,50,20,1,1,0,H
394,1,12,12,1,7,0,7,1,1,90,90,57,22,1,1,0,H
395,0,11,11,1,7,0,7,0,1,78,91,50,40,1,1,0,H
396,0,11,11,1,7,0,7,1,1,70,98,54,72,1,1,0,H
397,0,5,5,1,7,0,7,0,0,80,80,46,61,1,0,0,M
398,0,5,5,1,7,0,7,1,0,85,82,59,63,1,0,0,M
399,0,11,11,1,7,0,7,0,0,88,90,86,81,1,1,0,H
400,0,11,11,1,7,0,7,1,0,89,92,89,83,1,1,0,H
401,0,5,5,1,7,0,7,0,0,39,71,40,26,0,1,1,M
402,0,5,5,1,7,0,7,1,0,35,80,34,22,0,1,1,M
403,0,5,5,1,7,0,7,0,0,76,81,80,86,0,1,0,H
404,0,5,5,1,7,0,7,1,0,65,89,64,82,0,1,0,H
405,1,10,10,1,7,0,7,0,1,96,95,70,70,1,1,0,H
406,1,10,10,1,7,0,7,1,1,80,91,87,72,1,1,0,H
407,0,5,5,1,7,0,7,0,1,2,9,10,1,0,0,1,L
408,0,5,5,1,7,0,7,1,1,3,8,19,3,0,0,1,L
409,0,5,5,1,7,1,7,0,0,50,79,10,31,0,0,0,M
410,0,5,5,1,7,1,7,1,0,53,88,9,33,0,0,0,M
411,1,5,5,1,7,1,7,0,1,70,89,12,21,0,1,0,H
412,1,5,5,1,7,1,7,1,1,59,90,19,43,0,1,0,H
413,0,5,5,1,7,1,7,0,0,78,80,66,51,1,1,0,M
414,0,5,5,1,7,1,7,1,0,79,72,79,83,1,1,0,M
415,1,13,13,1,7,1,7,0,1,10,9,2,1,0,1,1,L
416,1,13,13,1,7,1,7,1,1,9,7,9,3,0,1,1,L
417,0,12,12,1,7,1,7,0,0,98,90,86,71,1,1,0,H
418,0,12,12,1,7,1,7,1,0,89,92,89,83,1,1,0,H
419,0,5,5,1,7,1,7,0,0,88,90,76,81,1,1,0,H
420,0,5,5,1,7,1,7,1,0,99,96,89,84,1,1,0,H
421,1,5,5,1,8,0,6,0,1,82,89,22,31,1,1,0,H
422,1,5,5,1,8,0,6,1,1,84,92,29,43,1,1,0,H
423,1,5,5,1,8,0,11,0,1,70,69,46,45,1,1,1,M
424,1,5,5,1,8,0,11,1,1,74,62,49,43,1,1,1,M
425,1,5,5,1,8,0,11,0,1,90,79,76,79,1,1,0,H
426,1,5,5,1,8,0,11,1,1,84,77,79,68,1,1,0,H
427,0,5,5,1,8,0,6,0,1,80,80,62,11,1,1,1,M
428,0,5,5,1,8,0,6,1,1,81,82,69,13,1,1,1,M
429,0,3,3,1,8,0,6,0,0,10,0,2,41,0,0,1,L
430,0,3,3,1,8,0,6,1,0,11,2,9,49,0,0,1,L
431,0,3,3,1,8,0,11,0,0,85,89,22,61,0,0,0,H
432,0,3,3,1,8,0,11,1,0,80,89,23,68,0,0,0,H
433,0,3,3,1,8,0,11,0,0,95,87,62,81,0,0,0,M
434,0,3,3,1,8,0,11,1,0,87,79,73,98,0,0,0,M
435,0,5,5,1,8,0,6,0,1,85,87,72,10,1,1,1,M
436,0,5,5,1,8,0,6,1,1,79,88,79,20,1,1,1,M
437,0,5,5,1,8,0,11,0,1,80,81,71,30,1,1,0,M
438,0,5,5,1,8,0,11,1,1,70,83,70,23,1,1,0,M
439,0,5,5,1,8,0,6,0,1,80,82,76,19,1,1,0,M
440,0,5,5,1,8,0,6,1,1,70,82,75,29,1,1,0,M
441,0,5,5,1,8,0,11,0,1,89,87,86,15,1,1,0,M
442,0,5,5,1,8,0,11,1,1,90,86,85,10,1,1,0,M
443,0,5,5,1,8,0,9,0,1,69,77,76,75,1,1,1,M
444,0,5,5,1,8,0,9,1,1,70,76,65,70,1,1,1,M
445,0,5,5,1,8,0,6,0,1,75,72,64,39,1,1,1,L
446,0,5,5,1,8,0,6,1,1,72,76,66,40,1,1,1,L
447,0,5,5,1,8,0,11,0,1,77,82,74,79,1,1,0,M
448,0,5,5,1,8,0,11,1,1,71,84,67,80,1,1,0,M
449,0,5,5,1,8,0,9,0,1,87,92,74,89,1,1,0,H
450,0,5,5,1,8,0,9,1,1,81,84,77,85,1,1,0,H
451,1,5,5,1,8,0,6,0,0,15,97,22,10,1,1,0,H
452,1,5,5,1,8,0,6,1,0,19,98,20,2,1,1,0,H
453,1,5,5,1,8,0,11,0,0,25,82,52,20,1,1,1,M
454,1,5,5,1,8,0,11,1,0,29,78,40,12,1,1,1,M
455,1,5,5,1,8,0,9,0,0,45,87,57,80,1,1,0,M
456,1,5,5,1,8,0,9,1,0,39,88,43,72,1,1,0,M
457,1,5,5,1,8,0,6,0,0,85,90,52,30,1,1,0,H
458,1,5,5,1,8,0,6,1,0,79,91,49,22,1,1,0,H
459,0,12,12,1,8,0,6,0,0,90,91,80,81,1,1,0,H
460,0,12,12,1,8,0,6,1,0,80,90,80,83,1,1,0,H
461,0,12,12,1,8,0,11,0,0,80,83,82,71,1,1,1,M
462,0,12,12,1,8,0,11,1,0,71,81,83,72,1,1,1,M
463,0,12,12,1,8,0,9,0,0,72,87,72,89,1,1,1,M
464,0,12,12,1,8,0,9,1,0,69,77,83,92,1,1,1,M
465,1,5,5,1,8,0,6,0,1,85,99,42,90,1,1,0,H
466,1,5,5,1,8,0,6,1,1,89,96,45,92,1,1,0,H
467,1,5,5,1,8,0,11,0,1,80,82,64,58,1,1,0,H
468,1,5,5,1,8,0,11,1,1,87,93,63,60,1,1,0,H
469,1,5,5,1,8,0,6,0,0,15,9,14,80,0,0,1,L
470,1,5,5,1,8,0,6,1,0,9,6,15,85,0,0,1,L
471,0,5,5,1,8,0,9,0,0,81,86,86,41,1,1,0,M
472,0,5,5,1,8,0,9,1,0,78,82,78,53,1,1,0,M
473,0,11,11,1,8,0,11,0,0,80,87,74,68,1,1,0,M
474,0,11,11,1,8,0,11,1,0,85,88,79,70,1,1,0,M
475,1,5,5,1,8,0,6,0,0,2,7,4,8,0,0,1,L
476,1,5,5,1,8,0,6,1,0,5,4,5,8,0,0,1,L
477,1,5,5,1,8,0,11,0,0,50,77,14,28,0,0,0,M
478,1,5,5,1,8,0,11,1,0,55,74,25,29,0,0,0,M
479,1,5,5,1,8,0,9,0,0,30,17,14,57,0,0,1,L
480,1,5,5,1,8,0,9,1,0,35,14,23,62,0,0,1,L
